{"loss": [0.960730254650116, 0.2324584275484085, 0.12793053686618805, 0.08191239088773727, 0.06227141618728638, 0.04893406480550766, 0.04030898958444595, 0.03698626533150673, 0.0326760858297348, 0.0292996596544981], "accuracy": [0.7148730158805847, 0.9248239398002625, 0.9578917622566223, 0.9727576375007629, 0.9797567129135132, 0.9844868183135986, 0.987139880657196, 0.9882922172546387, 0.9897148013114929, 0.9909310936927795], "val_loss": [0.295087993144989, 0.1388247311115265, 0.13575048744678497, 0.18834608793258667, 0.10707694292068481, 0.0968870297074318, 0.1336226910352707, 0.08167165517807007, 0.1076001450419426, 0.08925413340330124], "val_accuracy": [0.9072957038879395, 0.9557819366455078, 0.9592533707618713, 0.9449692964553833, 0.9676189422607422, 0.9714887142181396, 0.9645458459854126, 0.9756430387496948, 0.9716025590896606, 0.9772365093231201]}